,MAE,RMSE
Stage 2,0.16787859838102293,0.22979897514240372
TLGRF,0.12651430419540358,0.19473668047758322
