,MAE,RMSE
Stage 2,0.16740990362524505,0.22951913220656614
TLGRF,0.12651430419540358,0.19473668047758322
